Copyright:

Year(s)   Name                   Affiliation Email
--------- ---------------------- ----------- ---------------------------------
2017      Andreas Schäfer        Google Inc. gentryx@google.com
2006-2017 Andreas Schäfer        FAU         gentryx@gmx.de
2011      Siegfried Schöfer      FAU         Siegfried.Schoefer@ce.stud.uni-erlangen.de
2011      Julian Hammer          FAU         julian.hammer@u-sys.org
2012-2013 Björn Meier            FAU         snbjmeie@math.fau.de
2012-2014 Thomas Heller          FAU         Thomas.Heller@cs.fau.de
2012      Hartmut Kaiser         LSU         hartmut.kaiser@gmail.com
2013      Jochen Keil            FAU         jochen.keil@studium.uni-erlangen.de
2013-2014 Dominik Thoennes       FAU         dominik.thoennes@fau.de
2014-2015 Mathias Schöll         FAU         mathias.schoell@gmx.de
2014      Christopher Bross      FAU         christopher.bross@fau.de
2014-2016 Zachary Byerly         LSU         zbyerly@gmail.com
2015      Benno Schüpferling     FAU         benno.schuepferling@fau.de
2015-2016 Kurt Kanzenbach        FAU         kurt@kmk-computers.de
2015      Konstantin Kronfeldner FAU         konstantin.kronfeldner@gmail.com

Affiliation Abbreviations:
--------------------------

FAU = Friedrich-Alexander-Universität Erlangen-Nürnberg
LSU = Louisiana State University
